--
-- PostgreSQL database dump
--


-- Dumped from database version 16.13 (Ubuntu 16.13-0ubuntu0.24.04.1)
-- Dumped by pg_dump version 16.13 (Ubuntu 16.13-0ubuntu0.24.04.1)

SET statement_timeout = 0;
SET lock_timeout = 0;
SET idle_in_transaction_session_timeout = 0;
SET client_encoding = 'UTF8';
SET standard_conforming_strings = on;
SELECT pg_catalog.set_config('search_path', '', false);
SET check_function_bodies = false;
SET xmloption = content;
SET client_min_messages = warning;
SET row_security = off;

--
-- Data for Name: Passenger; Type: TABLE DATA; Schema: public; Owner: -
--

INSERT INTO public."Passenger" (id, name, "createdAt") VALUES ('cmrso8a6e0001p07d9ac5whop', 'Brock Pollard', '2026-07-20 03:34:43.334') ON CONFLICT (name) DO NOTHING;
INSERT INTO public."Passenger" (id, name, "createdAt") VALUES ('cmrso8a6q0002p07d5j8m3e61', 'Jacqueline Pollard', '2026-07-20 03:34:43.346') ON CONFLICT (name) DO NOTHING;
INSERT INTO public."Passenger" (id, name, "createdAt") VALUES ('cmrso8a6x0003p07dr892vpma', 'Jarett Nick', '2026-07-20 03:34:43.353') ON CONFLICT (name) DO NOTHING;
INSERT INTO public."Passenger" (id, name, "createdAt") VALUES ('cmrso8a740004p07dxyyrw4fd', 'Florence Nick', '2026-07-20 03:34:43.36') ON CONFLICT (name) DO NOTHING;
INSERT INTO public."Passenger" (id, name, "createdAt") VALUES ('cmrso8a7a0005p07dpe3466tl', 'Katelyn Wilson', '2026-07-20 03:34:43.366') ON CONFLICT (name) DO NOTHING;
INSERT INTO public."Passenger" (id, name, "createdAt") VALUES ('cmrso8a7r0009p07dsgkwzs8h', 'Evan Pollard', '2026-07-20 03:34:43.383') ON CONFLICT (name) DO NOTHING;
INSERT INTO public."Passenger" (id, name, "createdAt") VALUES ('cmrso8a7x000ap07d3av4kpqu', 'Doug Pollard', '2026-07-20 03:34:43.389') ON CONFLICT (name) DO NOTHING;
INSERT INTO public."Passenger" (id, name, "createdAt") VALUES ('cmrso8a82000bp07djhlh3i5p', 'Mike Pollard', '2026-07-20 03:34:43.394') ON CONFLICT (name) DO NOTHING;
INSERT INTO public."Passenger" (id, name, "createdAt") VALUES ('cmrso8a88000cp07dvqgw7gku', 'Eric Pollard', '2026-07-20 03:34:43.4') ON CONFLICT (name) DO NOTHING;
INSERT INTO public."Passenger" (id, name, "createdAt") VALUES ('cmrso8a8c000dp07dgerp51oh', 'Sarah Den Ouden', '2026-07-20 03:34:43.405') ON CONFLICT (name) DO NOTHING;
INSERT INTO public."Passenger" (id, name, "createdAt") VALUES ('cmrso8a8h000ep07dgbxjk6d9', 'Krista Stepa-Ammeter', '2026-07-20 03:34:43.409') ON CONFLICT (name) DO NOTHING;
INSERT INTO public."Passenger" (id, name, "createdAt") VALUES ('cmrso8a8m000fp07d6djjl254', 'Jennifer Wankling', '2026-07-20 03:34:43.414') ON CONFLICT (name) DO NOTHING;
INSERT INTO public."Passenger" (id, name, "createdAt") VALUES ('cmrso8a8q000gp07d7s91u0jo', 'Byron Peterson', '2026-07-20 03:34:43.418') ON CONFLICT (name) DO NOTHING;
INSERT INTO public."Passenger" (id, name, "createdAt") VALUES ('cmrso8a9a000ip07d89h4ldbn', 'Julia Cloutier', '2026-07-20 03:34:43.438') ON CONFLICT (name) DO NOTHING;
INSERT INTO public."Passenger" (id, name, "createdAt") VALUES ('cmrso8a9f000jp07dag0i387o', 'Manpreet Atwal', '2026-07-20 03:34:43.443') ON CONFLICT (name) DO NOTHING;
INSERT INTO public."Passenger" (id, name, "createdAt") VALUES ('cmrso8a9n000lp07d7bmql6yt', 'John Pollard', '2026-07-20 03:34:43.451') ON CONFLICT (name) DO NOTHING;
INSERT INTO public."Passenger" (id, name, "createdAt") VALUES ('cmrso8a9s000mp07d8fq5iftr', 'Steven Fingold', '2026-07-20 03:34:43.456') ON CONFLICT (name) DO NOTHING;
INSERT INTO public."Passenger" (id, name, "createdAt") VALUES ('cmrso8aak000pp07d268vaeef', 'Kristan Pearson', '2026-07-20 03:34:43.484') ON CONFLICT (name) DO NOTHING;
INSERT INTO public."Passenger" (id, name, "createdAt") VALUES ('cmrso8aap000qp07dxc2u9wr8', 'Parker Pollard', '2026-07-20 03:34:43.489') ON CONFLICT (name) DO NOTHING;
INSERT INTO public."Passenger" (id, name, "createdAt") VALUES ('cmrso8aat000rp07d5znud2vu', 'Maxwell Pollard', '2026-07-20 03:34:43.493') ON CONFLICT (name) DO NOTHING;
INSERT INTO public."Passenger" (id, name, "createdAt") VALUES ('cmrso8act0012p07din07poqp', 'Gordon Pollard', '2026-07-20 03:34:43.565') ON CONFLICT (name) DO NOTHING;
INSERT INTO public."Passenger" (id, name, "createdAt") VALUES ('cmrso8ad00013p07dvzr4k5fx', 'Susan Pollard', '2026-07-20 03:34:43.572') ON CONFLICT (name) DO NOTHING;
INSERT INTO public."Passenger" (id, name, "createdAt") VALUES ('cmrso8adi0015p07drvcfxakr', 'Celso Pedroso', '2026-07-20 03:34:43.59') ON CONFLICT (name) DO NOTHING;
INSERT INTO public."Passenger" (id, name, "createdAt") VALUES ('cmrso8adr0017p07d6iqs9gl1', 'Shannon DeHaven', '2026-07-20 03:34:43.599') ON CONFLICT (name) DO NOTHING;
INSERT INTO public."Passenger" (id, name, "createdAt") VALUES ('cmrso8ae6001ap07dl8dxmjcc', 'Manny Atwal', '2026-07-20 03:34:43.614') ON CONFLICT (name) DO NOTHING;
INSERT INTO public."Passenger" (id, name, "createdAt") VALUES ('cmrso8aev001dp07ditz5kh26', 'Darren Perche', '2026-07-20 03:34:43.639') ON CONFLICT (name) DO NOTHING;
INSERT INTO public."Passenger" (id, name, "createdAt") VALUES ('cmrso8afi001fp07d7vpvnsbv', 'Carrie Fingold', '2026-07-20 03:34:43.662') ON CONFLICT (name) DO NOTHING;
INSERT INTO public."Passenger" (id, name, "createdAt") VALUES ('cmrso8afu001hp07dq0cvh7mw', 'Margaret Proven', '2026-07-20 03:34:43.674') ON CONFLICT (name) DO NOTHING;
INSERT INTO public."Passenger" (id, name, "createdAt") VALUES ('cmrso8afz001ip07ddc5slbww', 'Jeff Versterre', '2026-07-20 03:34:43.679') ON CONFLICT (name) DO NOTHING;
INSERT INTO public."Passenger" (id, name, "createdAt") VALUES ('cmrso8ag4001jp07dmhzurzjb', 'Brigitte Futsey', '2026-07-20 03:34:43.684') ON CONFLICT (name) DO NOTHING;
INSERT INTO public."Passenger" (id, name, "createdAt") VALUES ('cmrso8aha001mp07dpfmtupd2', 'Amy Drooker', '2026-07-20 03:34:43.726') ON CONFLICT (name) DO NOTHING;
INSERT INTO public."Passenger" (id, name, "createdAt") VALUES ('cmrso8ahj001op07d84r16d70', 'Michael Pollard', '2026-07-20 03:34:43.735') ON CONFLICT (name) DO NOTHING;
INSERT INTO public."Passenger" (id, name, "createdAt") VALUES ('cmrso8ahp001pp07dzs00268n', 'Krista Stepa Ammeter', '2026-07-20 03:34:43.741') ON CONFLICT (name) DO NOTHING;
INSERT INTO public."Passenger" (id, name, "createdAt") VALUES ('cmrso8aic001sp07dpzsx3a2c', 'Theuntje Schuit', '2026-07-20 03:34:43.764') ON CONFLICT (name) DO NOTHING;
INSERT INTO public."Passenger" (id, name, "createdAt") VALUES ('cmrso8aih001tp07d93qc2dbt', 'Rosemarie Versterre', '2026-07-20 03:34:43.769') ON CONFLICT (name) DO NOTHING;
INSERT INTO public."Passenger" (id, name, "createdAt") VALUES ('cmrso8ain001up07de4jrbch2', 'Scott Versterre', '2026-07-20 03:34:43.775') ON CONFLICT (name) DO NOTHING;


--
-- Data for Name: Trip; Type: TABLE DATA; Schema: public; Owner: -
--

INSERT INTO public."Trip" (id, date, "departureAirport", "arrivalAirport", "routeLabel", hours, cycles, miles, purpose, notes, "pilotId", "dayTakeoffs", "dayLandings", "nightTakeoffs", "nightLandings", "createdAt", "updatedAt") VALUES ('cmrso8a5p0000p07d358irxrk', '2026-01-06 00:00:00', 'Winnipeg, MB', 'Palm Springs, CA', 'Winnipeg, MB - Palm Springs, CA', 3.10, 1, 1302, NULL, 'Imported from Pax Tacking 2026.numbers', NULL, 1, 1, 0, 0, '2026-07-20 03:34:43.31', '2026-07-20 03:34:43.31') ON CONFLICT (id) DO NOTHING;
INSERT INTO public."Trip" (id, date, "departureAirport", "arrivalAirport", "routeLabel", hours, cycles, miles, purpose, notes, "pilotId", "dayTakeoffs", "dayLandings", "nightTakeoffs", "nightLandings", "createdAt", "updatedAt") VALUES ('cmrso8a7g0006p07d09fblk7l', '2026-01-06 00:00:00', 'Palm Springs, CA', 'Orlando, FL', 'Palm Springs, CA - Orlando, FL', 3.70, 1, 1868, NULL, 'Imported from Pax Tacking 2026.numbers', NULL, 1, 1, 0, 0, '2026-07-20 03:34:43.372', '2026-07-20 03:34:43.372') ON CONFLICT (id) DO NOTHING;
INSERT INTO public."Trip" (id, date, "departureAirport", "arrivalAirport", "routeLabel", hours, cycles, miles, purpose, notes, "pilotId", "dayTakeoffs", "dayLandings", "nightTakeoffs", "nightLandings", "createdAt", "updatedAt") VALUES ('cmrso8a7k0007p07d73s59cow', '2026-02-04 00:00:00', 'Orlando, FL', 'Winnipeg, MB', 'Orlando, FL - Winnipeg, MB', 3.50, 1, 1500, NULL, 'Imported from Pax Tacking 2026.numbers', NULL, 1, 1, 0, 0, '2026-07-20 03:34:43.376', '2026-07-20 03:34:43.376') ON CONFLICT (id) DO NOTHING;
INSERT INTO public."Trip" (id, date, "departureAirport", "arrivalAirport", "routeLabel", hours, cycles, miles, purpose, notes, "pilotId", "dayTakeoffs", "dayLandings", "nightTakeoffs", "nightLandings", "createdAt", "updatedAt") VALUES ('cmrso8a7o0008p07dxgpg2pwe', '2026-02-18 00:00:00', 'Winnipeg, MB', 'Phoenix, AZ', 'Winnipeg, MB - Phoenix, AZ', 3.00, 1, 1215, NULL, 'Imported from Pax Tacking 2026.numbers', NULL, 1, 1, 0, 0, '2026-07-20 03:34:43.38', '2026-07-20 03:34:43.38') ON CONFLICT (id) DO NOTHING;
INSERT INTO public."Trip" (id, date, "departureAirport", "arrivalAirport", "routeLabel", hours, cycles, miles, purpose, notes, "pilotId", "dayTakeoffs", "dayLandings", "nightTakeoffs", "nightLandings", "createdAt", "updatedAt") VALUES ('cmrso8a8w000hp07dtm70qwlq', '2026-02-20 00:00:00', 'Phoenix, AZ', 'Winnipeg, MB', 'Phoenix, AZ - Winnipeg, MB', 2.60, 1, 1215, NULL, 'Imported from Pax Tacking 2026.numbers', NULL, 1, 1, 0, 0, '2026-07-20 03:34:43.424', '2026-07-20 03:34:43.424') ON CONFLICT (id) DO NOTHING;
INSERT INTO public."Trip" (id, date, "departureAirport", "arrivalAirport", "routeLabel", hours, cycles, miles, purpose, notes, "pilotId", "dayTakeoffs", "dayLandings", "nightTakeoffs", "nightLandings", "createdAt", "updatedAt") VALUES ('cmrso8a9l000kp07du8hbomk7', '2026-03-19 00:00:00', 'Winnipeg, MB', 'St Paul, MN', 'Winnipeg, MB - St Paul, MN', 0.80, 1, 346, NULL, 'Imported from Pax Tacking 2026.numbers', NULL, 1, 1, 0, 0, '2026-07-20 03:34:43.449', '2026-07-20 03:34:43.449') ON CONFLICT (id) DO NOTHING;
INSERT INTO public."Trip" (id, date, "departureAirport", "arrivalAirport", "routeLabel", hours, cycles, miles, purpose, notes, "pilotId", "dayTakeoffs", "dayLandings", "nightTakeoffs", "nightLandings", "createdAt", "updatedAt") VALUES ('cmrso8aa0000np07dlkrtf3al', '2026-03-20 00:00:00', 'St Paul, MN', 'Winnipeg, MB', 'St Paul, MN - Winnipeg, MB', 1.20, 1, 353, NULL, 'Imported from Pax Tacking 2026.numbers', NULL, 1, 1, 0, 0, '2026-07-20 03:34:43.464', '2026-07-20 03:34:43.464') ON CONFLICT (id) DO NOTHING;
INSERT INTO public."Trip" (id, date, "departureAirport", "arrivalAirport", "routeLabel", hours, cycles, miles, purpose, notes, "pilotId", "dayTakeoffs", "dayLandings", "nightTakeoffs", "nightLandings", "createdAt", "updatedAt") VALUES ('cmrso8aaa000op07dzylzhlmr', '2026-03-22 00:00:00', 'Winnipeg, MB', 'Tortola, BVI', 'Winnipeg, MB - Tortola, BVI', 5.30, 1, 2557, NULL, 'Imported from Pax Tacking 2026.numbers', NULL, 1, 1, 0, 0, '2026-07-20 03:34:43.474', '2026-07-20 03:34:43.474') ON CONFLICT (id) DO NOTHING;
INSERT INTO public."Trip" (id, date, "departureAirport", "arrivalAirport", "routeLabel", hours, cycles, miles, purpose, notes, "pilotId", "dayTakeoffs", "dayLandings", "nightTakeoffs", "nightLandings", "createdAt", "updatedAt") VALUES ('cmrso8aax000sp07dgiwy36dt', '2026-03-30 00:00:00', 'Tortola, BVI', 'Jacksonville, FL', 'Tortola, BVI - Jacksonville, FL', 3.10, 1, 1428, NULL, 'Imported from Pax Tacking 2026.numbers', NULL, 1, 1, 0, 0, '2026-07-20 03:34:43.497', '2026-07-20 03:34:43.497') ON CONFLICT (id) DO NOTHING;
INSERT INTO public."Trip" (id, date, "departureAirport", "arrivalAirport", "routeLabel", hours, cycles, miles, purpose, notes, "pilotId", "dayTakeoffs", "dayLandings", "nightTakeoffs", "nightLandings", "createdAt", "updatedAt") VALUES ('cmrso8ab7000tp07dfqxrrt0w', '2026-03-30 00:00:00', 'Jacksonville, FL', 'Jacksonville, FL', 'Jacksonville, FL - Jacksonville, FL', 0.30, 1, 54, NULL, 'Imported from Pax Tacking 2026.numbers', NULL, 1, 1, 0, 0, '2026-07-20 03:34:43.507', '2026-07-20 03:34:43.507') ON CONFLICT (id) DO NOTHING;
INSERT INTO public."Trip" (id, date, "departureAirport", "arrivalAirport", "routeLabel", hours, cycles, miles, purpose, notes, "pilotId", "dayTakeoffs", "dayLandings", "nightTakeoffs", "nightLandings", "createdAt", "updatedAt") VALUES ('cmrso8abg000up07d3pbypnv4', '2026-03-30 00:00:00', 'Jacksonville, FL', 'Jacksonville, FL', 'Jacksonville, FL - Jacksonville, FL', 0.10, 1, 15, NULL, 'Imported from Pax Tacking 2026.numbers', NULL, 1, 1, 0, 0, '2026-07-20 03:34:43.516', '2026-07-20 03:34:43.516') ON CONFLICT (id) DO NOTHING;
INSERT INTO public."Trip" (id, date, "departureAirport", "arrivalAirport", "routeLabel", hours, cycles, miles, purpose, notes, "pilotId", "dayTakeoffs", "dayLandings", "nightTakeoffs", "nightLandings", "createdAt", "updatedAt") VALUES ('cmrso8abq000vp07d8iwtvf2m', '2026-04-02 00:00:00', 'Jacksonville, FL', 'Orlando, FL', 'Jacksonville, FL - Orlando, FL', 0.80, 1, 156, NULL, 'Imported from Pax Tacking 2026.numbers', NULL, 1, 1, 0, 0, '2026-07-20 03:34:43.526', '2026-07-20 03:34:43.526') ON CONFLICT (id) DO NOTHING;
INSERT INTO public."Trip" (id, date, "departureAirport", "arrivalAirport", "routeLabel", hours, cycles, miles, purpose, notes, "pilotId", "dayTakeoffs", "dayLandings", "nightTakeoffs", "nightLandings", "createdAt", "updatedAt") VALUES ('cmrso8abt000wp07dmbhp8fhc', '2026-04-04 00:00:00', 'Orlando, FL', 'Winnipeg, MB', 'Orlando, FL - Winnipeg, MB', 3.40, 1, 1553, NULL, 'Imported from Pax Tacking 2026.numbers', NULL, 1, 1, 0, 0, '2026-07-20 03:34:43.529', '2026-07-20 03:34:43.529') ON CONFLICT (id) DO NOTHING;
INSERT INTO public."Trip" (id, date, "departureAirport", "arrivalAirport", "routeLabel", hours, cycles, miles, purpose, notes, "pilotId", "dayTakeoffs", "dayLandings", "nightTakeoffs", "nightLandings", "createdAt", "updatedAt") VALUES ('cmrso8abw000xp07dzckoidi1', '2026-04-06 00:00:00', 'Winnipeg, MB', 'Richmond, VA', 'Winnipeg, MB - Richmond, VA', 2.30, 1, 1150, NULL, 'Imported from Pax Tacking 2026.numbers', NULL, 1, 1, 0, 0, '2026-07-20 03:34:43.533', '2026-07-20 03:34:43.533') ON CONFLICT (id) DO NOTHING;
INSERT INTO public."Trip" (id, date, "departureAirport", "arrivalAirport", "routeLabel", hours, cycles, miles, purpose, notes, "pilotId", "dayTakeoffs", "dayLandings", "nightTakeoffs", "nightLandings", "createdAt", "updatedAt") VALUES ('cmrso8ac1000yp07dp0ywo9oo', '2026-04-07 00:00:00', 'Richmond, VA', 'Raleigh, NC', 'Richmond, VA - Raleigh, NC', 0.50, 1, 143, NULL, 'Imported from Pax Tacking 2026.numbers', NULL, 1, 1, 0, 0, '2026-07-20 03:34:43.537', '2026-07-20 03:34:43.537') ON CONFLICT (id) DO NOTHING;
INSERT INTO public."Trip" (id, date, "departureAirport", "arrivalAirport", "routeLabel", hours, cycles, miles, purpose, notes, "pilotId", "dayTakeoffs", "dayLandings", "nightTakeoffs", "nightLandings", "createdAt", "updatedAt") VALUES ('cmrso8ac6000zp07dx6movet8', '2026-04-07 00:00:00', 'Raleigh, NC', 'Winnipeg, MB', 'Raleigh, NC - Winnipeg, MB', 3.00, 1, 1302, NULL, 'Imported from Pax Tacking 2026.numbers', NULL, 1, 1, 0, 0, '2026-07-20 03:34:43.542', '2026-07-20 03:34:43.542') ON CONFLICT (id) DO NOTHING;
INSERT INTO public."Trip" (id, date, "departureAirport", "arrivalAirport", "routeLabel", hours, cycles, miles, purpose, notes, "pilotId", "dayTakeoffs", "dayLandings", "nightTakeoffs", "nightLandings", "createdAt", "updatedAt") VALUES ('cmrso8acc0010p07d0fwenmk2', '2026-04-16 00:00:00', 'Winnipeg, MB', 'Palm Springs, CA', 'Winnipeg, MB - Palm Springs, CA', 3.10, 1, 1302, NULL, 'Imported from Pax Tacking 2026.numbers', NULL, 1, 1, 0, 0, '2026-07-20 03:34:43.548', '2026-07-20 03:34:43.548') ON CONFLICT (id) DO NOTHING;
INSERT INTO public."Trip" (id, date, "departureAirport", "arrivalAirport", "routeLabel", hours, cycles, miles, purpose, notes, "pilotId", "dayTakeoffs", "dayLandings", "nightTakeoffs", "nightLandings", "createdAt", "updatedAt") VALUES ('cmrso8acq0011p07dvn3jqicy', '2026-04-19 00:00:00', 'Palm Springs, CA', 'Winnipeg, MB', 'Palm Springs, CA - Winnipeg, MB', 2.80, 1, 1329, NULL, 'Imported from Pax Tacking 2026.numbers', NULL, 1, 1, 0, 0, '2026-07-20 03:34:43.562', '2026-07-20 03:34:43.562') ON CONFLICT (id) DO NOTHING;
INSERT INTO public."Trip" (id, date, "departureAirport", "arrivalAirport", "routeLabel", hours, cycles, miles, purpose, notes, "pilotId", "dayTakeoffs", "dayLandings", "nightTakeoffs", "nightLandings", "createdAt", "updatedAt") VALUES ('cmrso8add0014p07ddm1f8xf6', '2026-04-28 00:00:00', 'Winnipeg, MB', 'Denver, CO', 'Winnipeg, MB - Denver, CO', 1.90, 1, 750, NULL, 'Imported from Pax Tacking 2026.numbers', NULL, 1, 1, 0, 0, '2026-07-20 03:34:43.585', '2026-07-20 03:34:43.585') ON CONFLICT (id) DO NOTHING;
INSERT INTO public."Trip" (id, date, "departureAirport", "arrivalAirport", "routeLabel", hours, cycles, miles, purpose, notes, "pilotId", "dayTakeoffs", "dayLandings", "nightTakeoffs", "nightLandings", "createdAt", "updatedAt") VALUES ('cmrso8adm0016p07dkc3vktvl', '2026-04-29 00:00:00', 'Denver, CO', 'St George, UT', 'Denver, CO - St George, UT', 1.20, 1, 454, NULL, 'Imported from Pax Tacking 2026.numbers', NULL, 1, 1, 0, 0, '2026-07-20 03:34:43.594', '2026-07-20 03:34:43.594') ON CONFLICT (id) DO NOTHING;
INSERT INTO public."Trip" (id, date, "departureAirport", "arrivalAirport", "routeLabel", hours, cycles, miles, purpose, notes, "pilotId", "dayTakeoffs", "dayLandings", "nightTakeoffs", "nightLandings", "createdAt", "updatedAt") VALUES ('cmrso8adw0018p07d0yus0cq9', '2026-04-29 00:00:00', 'St George, UT', 'Winnipeg, MB', 'St George, UT - Winnipeg, MB', 2.30, 1, 1063, NULL, 'Imported from Pax Tacking 2026.numbers', NULL, 1, 1, 0, 0, '2026-07-20 03:34:43.604', '2026-07-20 03:34:43.604') ON CONFLICT (id) DO NOTHING;
INSERT INTO public."Trip" (id, date, "departureAirport", "arrivalAirport", "routeLabel", hours, cycles, miles, purpose, notes, "pilotId", "dayTakeoffs", "dayLandings", "nightTakeoffs", "nightLandings", "createdAt", "updatedAt") VALUES ('cmrso8ae00019p07drjjohamx', '2026-06-03 00:00:00', 'Winnipeg, MB', 'Casper, WY', 'Winnipeg, MB - Casper, WY', 1.40, 1, 632, NULL, 'Imported from Pax Tacking 2026.numbers', NULL, 1, 1, 0, 0, '2026-07-20 03:34:43.608', '2026-07-20 03:34:43.608') ON CONFLICT (id) DO NOTHING;
INSERT INTO public."Trip" (id, date, "departureAirport", "arrivalAirport", "routeLabel", hours, cycles, miles, purpose, notes, "pilotId", "dayTakeoffs", "dayLandings", "nightTakeoffs", "nightLandings", "createdAt", "updatedAt") VALUES ('cmrso8aec001bp07dkxmotv2f', '2026-06-03 00:00:00', 'Casper, WY', 'Sacramento, CA', 'Casper, WY - Sacramento, CA', 1.70, 1, 772, NULL, 'Imported from Pax Tacking 2026.numbers', NULL, 1, 1, 0, 0, '2026-07-20 03:34:43.62', '2026-07-20 03:34:43.62') ON CONFLICT (id) DO NOTHING;
INSERT INTO public."Trip" (id, date, "departureAirport", "arrivalAirport", "routeLabel", hours, cycles, miles, purpose, notes, "pilotId", "dayTakeoffs", "dayLandings", "nightTakeoffs", "nightLandings", "createdAt", "updatedAt") VALUES ('cmrso8aek001cp07drzz8sjwo', '2026-06-04 00:00:00', 'Sacramento, CA', 'Van Nuys, CA', 'Sacramento, CA - Van Nuys, CA', 0.80, 1, 317, NULL, 'Imported from Pax Tacking 2026.numbers', NULL, 1, 1, 0, 0, '2026-07-20 03:34:43.628', '2026-07-20 03:34:43.628') ON CONFLICT (id) DO NOTHING;
INSERT INTO public."Trip" (id, date, "departureAirport", "arrivalAirport", "routeLabel", hours, cycles, miles, purpose, notes, "pilotId", "dayTakeoffs", "dayLandings", "nightTakeoffs", "nightLandings", "createdAt", "updatedAt") VALUES ('cmrso8af0001ep07d9duvg4cj', '2026-06-05 00:00:00', 'Van Nuys, CA', 'Winnipeg, MB', 'Van Nuys, CA - Winnipeg, MB', 2.90, 1, 1354, NULL, 'Imported from Pax Tacking 2026.numbers', NULL, 1, 1, 0, 0, '2026-07-20 03:34:43.644', '2026-07-20 03:34:43.644') ON CONFLICT (id) DO NOTHING;
INSERT INTO public."Trip" (id, date, "departureAirport", "arrivalAirport", "routeLabel", hours, cycles, miles, purpose, notes, "pilotId", "dayTakeoffs", "dayLandings", "nightTakeoffs", "nightLandings", "createdAt", "updatedAt") VALUES ('cmrso8afn001gp07ddfo5099v', '2026-06-16 00:00:00', 'Winnipeg, MB', 'Lansing, MI', 'Winnipeg, MB - Lansing, MI', 1.50, 1, 671, NULL, 'Imported from Pax Tacking 2026.numbers', NULL, 1, 1, 0, 0, '2026-07-20 03:34:43.667', '2026-07-20 03:34:43.667') ON CONFLICT (id) DO NOTHING;
INSERT INTO public."Trip" (id, date, "departureAirport", "arrivalAirport", "routeLabel", hours, cycles, miles, purpose, notes, "pilotId", "dayTakeoffs", "dayLandings", "nightTakeoffs", "nightLandings", "createdAt", "updatedAt") VALUES ('cmrso8agd001kp07d55owsvxl', '2026-06-16 00:00:00', 'Lansing, MI', 'Ypsilanti, MI', 'Lansing, MI - Ypsilanti, MI', 0.30, 1, 66, NULL, 'Imported from Pax Tacking 2026.numbers', NULL, 1, 1, 0, 0, '2026-07-20 03:34:43.693', '2026-07-20 03:34:43.693') ON CONFLICT (id) DO NOTHING;
INSERT INTO public."Trip" (id, date, "departureAirport", "arrivalAirport", "routeLabel", hours, cycles, miles, purpose, notes, "pilotId", "dayTakeoffs", "dayLandings", "nightTakeoffs", "nightLandings", "createdAt", "updatedAt") VALUES ('cmrso8agu001lp07dd06g5vvt', '2026-06-16 00:00:00', 'Ypsilanti, MI', 'Winnipeg, MB', 'Ypsilanti, MI - Winnipeg, MB', 2.00, 1, 920, NULL, 'Imported from Pax Tacking 2026.numbers', NULL, 1, 1, 0, 0, '2026-07-20 03:34:43.71', '2026-07-20 03:34:43.71') ON CONFLICT (id) DO NOTHING;
INSERT INTO public."Trip" (id, date, "departureAirport", "arrivalAirport", "routeLabel", hours, cycles, miles, purpose, notes, "pilotId", "dayTakeoffs", "dayLandings", "nightTakeoffs", "nightLandings", "createdAt", "updatedAt") VALUES ('cmrso8ahe001np07db2m22wfv', '2026-06-21 00:00:00', 'Winnipeg, MB', 'Chicago, IL', 'Winnipeg, MB - Chicago, IL', 1.60, 1, 661, NULL, 'Imported from Pax Tacking 2026.numbers', NULL, 1, 1, 0, 0, '2026-07-20 03:34:43.73', '2026-07-20 03:34:43.73') ON CONFLICT (id) DO NOTHING;
INSERT INTO public."Trip" (id, date, "departureAirport", "arrivalAirport", "routeLabel", hours, cycles, miles, purpose, notes, "pilotId", "dayTakeoffs", "dayLandings", "nightTakeoffs", "nightLandings", "createdAt", "updatedAt") VALUES ('cmrso8ahv001qp07dyd3yitan', '2026-06-23 00:00:00', 'Chicago, IL', 'Winnipeg, MB', 'Chicago, IL - Winnipeg, MB', 1.70, 1, 724, NULL, 'Imported from Pax Tacking 2026.numbers', NULL, 1, 1, 0, 0, '2026-07-20 03:34:43.747', '2026-07-20 03:34:43.747') ON CONFLICT (id) DO NOTHING;
INSERT INTO public."Trip" (id, date, "departureAirport", "arrivalAirport", "routeLabel", hours, cycles, miles, purpose, notes, "pilotId", "dayTakeoffs", "dayLandings", "nightTakeoffs", "nightLandings", "createdAt", "updatedAt") VALUES ('cmrso8ai5001rp07drltd0zah', '2026-07-08 00:00:00', 'Winnipeg, MB', 'Churchill, MB', 'Winnipeg, MB - Churchill, MB', 1.30, 1, 561, NULL, 'Imported from Pax Tacking 2026.numbers', NULL, 1, 1, 0, 0, '2026-07-20 03:34:43.757', '2026-07-20 03:34:43.757') ON CONFLICT (id) DO NOTHING;
INSERT INTO public."Trip" (id, date, "departureAirport", "arrivalAirport", "routeLabel", hours, cycles, miles, purpose, notes, "pilotId", "dayTakeoffs", "dayLandings", "nightTakeoffs", "nightLandings", "createdAt", "updatedAt") VALUES ('cmrso8ais001vp07d32r5lfyy', '2026-07-09 00:00:00', 'Churchill, MB', 'Winnipeg, MB', 'Churchill, MB - Winnipeg, MB', 1.30, 1, 551, NULL, 'Imported from Pax Tacking 2026.numbers', NULL, 1, 1, 0, 0, '2026-07-20 03:34:43.78', '2026-07-20 03:34:43.78') ON CONFLICT (id) DO NOTHING;
INSERT INTO public."Trip" (id, date, "departureAirport", "arrivalAirport", "routeLabel", hours, cycles, miles, purpose, notes, "pilotId", "dayTakeoffs", "dayLandings", "nightTakeoffs", "nightLandings", "createdAt", "updatedAt") VALUES ('cmrso8aj2001wp07dq5cvdbim', '2026-07-13 00:00:00', 'Winnipeg, MB', 'Wichita, KS', 'Winnipeg, MB - Wichita, KS', 1.60, 1, 718, NULL, 'Imported from Pax Tacking 2026.numbers', NULL, 1, 1, 0, 0, '2026-07-20 03:34:43.79', '2026-07-20 03:34:43.79') ON CONFLICT (id) DO NOTHING;


--
-- Data for Name: TripPassenger; Type: TABLE DATA; Schema: public; Owner: -
--

INSERT INTO public."TripPassenger" ("tripId", "passengerId") VALUES ('cmrso8a5p0000p07d358irxrk', 'cmrso8a6e0001p07d9ac5whop') ON CONFLICT ("tripId", "passengerId") DO NOTHING;
INSERT INTO public."TripPassenger" ("tripId", "passengerId") VALUES ('cmrso8a5p0000p07d358irxrk', 'cmrso8a6q0002p07d5j8m3e61') ON CONFLICT ("tripId", "passengerId") DO NOTHING;
INSERT INTO public."TripPassenger" ("tripId", "passengerId") VALUES ('cmrso8a5p0000p07d358irxrk', 'cmrso8a6x0003p07dr892vpma') ON CONFLICT ("tripId", "passengerId") DO NOTHING;
INSERT INTO public."TripPassenger" ("tripId", "passengerId") VALUES ('cmrso8a5p0000p07d358irxrk', 'cmrso8a740004p07dxyyrw4fd') ON CONFLICT ("tripId", "passengerId") DO NOTHING;
INSERT INTO public."TripPassenger" ("tripId", "passengerId") VALUES ('cmrso8a5p0000p07d358irxrk', 'cmrso8a7a0005p07dpe3466tl') ON CONFLICT ("tripId", "passengerId") DO NOTHING;
INSERT INTO public."TripPassenger" ("tripId", "passengerId") VALUES ('cmrso8a7o0008p07dxgpg2pwe', 'cmrso8a7r0009p07dsgkwzs8h') ON CONFLICT ("tripId", "passengerId") DO NOTHING;
INSERT INTO public."TripPassenger" ("tripId", "passengerId") VALUES ('cmrso8a7o0008p07dxgpg2pwe', 'cmrso8a7x000ap07d3av4kpqu') ON CONFLICT ("tripId", "passengerId") DO NOTHING;
INSERT INTO public."TripPassenger" ("tripId", "passengerId") VALUES ('cmrso8a7o0008p07dxgpg2pwe', 'cmrso8a82000bp07djhlh3i5p') ON CONFLICT ("tripId", "passengerId") DO NOTHING;
INSERT INTO public."TripPassenger" ("tripId", "passengerId") VALUES ('cmrso8a7o0008p07dxgpg2pwe', 'cmrso8a88000cp07dvqgw7gku') ON CONFLICT ("tripId", "passengerId") DO NOTHING;
INSERT INTO public."TripPassenger" ("tripId", "passengerId") VALUES ('cmrso8a7o0008p07dxgpg2pwe', 'cmrso8a8c000dp07dgerp51oh') ON CONFLICT ("tripId", "passengerId") DO NOTHING;
INSERT INTO public."TripPassenger" ("tripId", "passengerId") VALUES ('cmrso8a7o0008p07dxgpg2pwe', 'cmrso8a8h000ep07dgbxjk6d9') ON CONFLICT ("tripId", "passengerId") DO NOTHING;
INSERT INTO public."TripPassenger" ("tripId", "passengerId") VALUES ('cmrso8a7o0008p07dxgpg2pwe', 'cmrso8a8m000fp07d6djjl254') ON CONFLICT ("tripId", "passengerId") DO NOTHING;
INSERT INTO public."TripPassenger" ("tripId", "passengerId") VALUES ('cmrso8a7o0008p07dxgpg2pwe', 'cmrso8a8q000gp07d7s91u0jo') ON CONFLICT ("tripId", "passengerId") DO NOTHING;
INSERT INTO public."TripPassenger" ("tripId", "passengerId") VALUES ('cmrso8a8w000hp07dtm70qwlq', 'cmrso8a7r0009p07dsgkwzs8h') ON CONFLICT ("tripId", "passengerId") DO NOTHING;
INSERT INTO public."TripPassenger" ("tripId", "passengerId") VALUES ('cmrso8a8w000hp07dtm70qwlq', 'cmrso8a7x000ap07d3av4kpqu') ON CONFLICT ("tripId", "passengerId") DO NOTHING;
INSERT INTO public."TripPassenger" ("tripId", "passengerId") VALUES ('cmrso8a8w000hp07dtm70qwlq', 'cmrso8a82000bp07djhlh3i5p') ON CONFLICT ("tripId", "passengerId") DO NOTHING;
INSERT INTO public."TripPassenger" ("tripId", "passengerId") VALUES ('cmrso8a8w000hp07dtm70qwlq', 'cmrso8a88000cp07dvqgw7gku') ON CONFLICT ("tripId", "passengerId") DO NOTHING;
INSERT INTO public."TripPassenger" ("tripId", "passengerId") VALUES ('cmrso8a8w000hp07dtm70qwlq', 'cmrso8a8c000dp07dgerp51oh') ON CONFLICT ("tripId", "passengerId") DO NOTHING;
INSERT INTO public."TripPassenger" ("tripId", "passengerId") VALUES ('cmrso8a8w000hp07dtm70qwlq', 'cmrso8a8h000ep07dgbxjk6d9') ON CONFLICT ("tripId", "passengerId") DO NOTHING;
INSERT INTO public."TripPassenger" ("tripId", "passengerId") VALUES ('cmrso8a8w000hp07dtm70qwlq', 'cmrso8a8m000fp07d6djjl254') ON CONFLICT ("tripId", "passengerId") DO NOTHING;
INSERT INTO public."TripPassenger" ("tripId", "passengerId") VALUES ('cmrso8a8w000hp07dtm70qwlq', 'cmrso8a9a000ip07d89h4ldbn') ON CONFLICT ("tripId", "passengerId") DO NOTHING;
INSERT INTO public."TripPassenger" ("tripId", "passengerId") VALUES ('cmrso8a8w000hp07dtm70qwlq', 'cmrso8a9f000jp07dag0i387o') ON CONFLICT ("tripId", "passengerId") DO NOTHING;
INSERT INTO public."TripPassenger" ("tripId", "passengerId") VALUES ('cmrso8a9l000kp07du8hbomk7', 'cmrso8a9n000lp07d7bmql6yt') ON CONFLICT ("tripId", "passengerId") DO NOTHING;
INSERT INTO public."TripPassenger" ("tripId", "passengerId") VALUES ('cmrso8a9l000kp07du8hbomk7', 'cmrso8a9s000mp07d8fq5iftr') ON CONFLICT ("tripId", "passengerId") DO NOTHING;
INSERT INTO public."TripPassenger" ("tripId", "passengerId") VALUES ('cmrso8a9l000kp07du8hbomk7', 'cmrso8a88000cp07dvqgw7gku') ON CONFLICT ("tripId", "passengerId") DO NOTHING;
INSERT INTO public."TripPassenger" ("tripId", "passengerId") VALUES ('cmrso8a9l000kp07du8hbomk7', 'cmrso8a7r0009p07dsgkwzs8h') ON CONFLICT ("tripId", "passengerId") DO NOTHING;
INSERT INTO public."TripPassenger" ("tripId", "passengerId") VALUES ('cmrso8aa0000np07dlkrtf3al', 'cmrso8a9n000lp07d7bmql6yt') ON CONFLICT ("tripId", "passengerId") DO NOTHING;
INSERT INTO public."TripPassenger" ("tripId", "passengerId") VALUES ('cmrso8aa0000np07dlkrtf3al', 'cmrso8a9s000mp07d8fq5iftr') ON CONFLICT ("tripId", "passengerId") DO NOTHING;
INSERT INTO public."TripPassenger" ("tripId", "passengerId") VALUES ('cmrso8aa0000np07dlkrtf3al', 'cmrso8a88000cp07dvqgw7gku') ON CONFLICT ("tripId", "passengerId") DO NOTHING;
INSERT INTO public."TripPassenger" ("tripId", "passengerId") VALUES ('cmrso8aa0000np07dlkrtf3al', 'cmrso8a7r0009p07dsgkwzs8h') ON CONFLICT ("tripId", "passengerId") DO NOTHING;
INSERT INTO public."TripPassenger" ("tripId", "passengerId") VALUES ('cmrso8aaa000op07dzylzhlmr', 'cmrso8a7x000ap07d3av4kpqu') ON CONFLICT ("tripId", "passengerId") DO NOTHING;
INSERT INTO public."TripPassenger" ("tripId", "passengerId") VALUES ('cmrso8aaa000op07dzylzhlmr', 'cmrso8aak000pp07d268vaeef') ON CONFLICT ("tripId", "passengerId") DO NOTHING;
INSERT INTO public."TripPassenger" ("tripId", "passengerId") VALUES ('cmrso8aaa000op07dzylzhlmr', 'cmrso8aap000qp07dxc2u9wr8') ON CONFLICT ("tripId", "passengerId") DO NOTHING;
INSERT INTO public."TripPassenger" ("tripId", "passengerId") VALUES ('cmrso8aaa000op07dzylzhlmr', 'cmrso8aat000rp07d5znud2vu') ON CONFLICT ("tripId", "passengerId") DO NOTHING;
INSERT INTO public."TripPassenger" ("tripId", "passengerId") VALUES ('cmrso8aax000sp07dgiwy36dt', 'cmrso8a7x000ap07d3av4kpqu') ON CONFLICT ("tripId", "passengerId") DO NOTHING;
INSERT INTO public."TripPassenger" ("tripId", "passengerId") VALUES ('cmrso8aax000sp07dgiwy36dt', 'cmrso8aak000pp07d268vaeef') ON CONFLICT ("tripId", "passengerId") DO NOTHING;
INSERT INTO public."TripPassenger" ("tripId", "passengerId") VALUES ('cmrso8aax000sp07dgiwy36dt', 'cmrso8aap000qp07dxc2u9wr8') ON CONFLICT ("tripId", "passengerId") DO NOTHING;
INSERT INTO public."TripPassenger" ("tripId", "passengerId") VALUES ('cmrso8aax000sp07dgiwy36dt', 'cmrso8aat000rp07d5znud2vu') ON CONFLICT ("tripId", "passengerId") DO NOTHING;
INSERT INTO public."TripPassenger" ("tripId", "passengerId") VALUES ('cmrso8ab7000tp07dfqxrrt0w', 'cmrso8a7x000ap07d3av4kpqu') ON CONFLICT ("tripId", "passengerId") DO NOTHING;
INSERT INTO public."TripPassenger" ("tripId", "passengerId") VALUES ('cmrso8ab7000tp07dfqxrrt0w', 'cmrso8aak000pp07d268vaeef') ON CONFLICT ("tripId", "passengerId") DO NOTHING;
INSERT INTO public."TripPassenger" ("tripId", "passengerId") VALUES ('cmrso8ab7000tp07dfqxrrt0w', 'cmrso8aap000qp07dxc2u9wr8') ON CONFLICT ("tripId", "passengerId") DO NOTHING;
INSERT INTO public."TripPassenger" ("tripId", "passengerId") VALUES ('cmrso8ab7000tp07dfqxrrt0w', 'cmrso8aat000rp07d5znud2vu') ON CONFLICT ("tripId", "passengerId") DO NOTHING;
INSERT INTO public."TripPassenger" ("tripId", "passengerId") VALUES ('cmrso8abg000up07d3pbypnv4', 'cmrso8a7x000ap07d3av4kpqu') ON CONFLICT ("tripId", "passengerId") DO NOTHING;
INSERT INTO public."TripPassenger" ("tripId", "passengerId") VALUES ('cmrso8abg000up07d3pbypnv4', 'cmrso8aak000pp07d268vaeef') ON CONFLICT ("tripId", "passengerId") DO NOTHING;
INSERT INTO public."TripPassenger" ("tripId", "passengerId") VALUES ('cmrso8abg000up07d3pbypnv4', 'cmrso8aap000qp07dxc2u9wr8') ON CONFLICT ("tripId", "passengerId") DO NOTHING;
INSERT INTO public."TripPassenger" ("tripId", "passengerId") VALUES ('cmrso8abg000up07d3pbypnv4', 'cmrso8aat000rp07d5znud2vu') ON CONFLICT ("tripId", "passengerId") DO NOTHING;
INSERT INTO public."TripPassenger" ("tripId", "passengerId") VALUES ('cmrso8abw000xp07dzckoidi1', 'cmrso8a7x000ap07d3av4kpqu') ON CONFLICT ("tripId", "passengerId") DO NOTHING;
INSERT INTO public."TripPassenger" ("tripId", "passengerId") VALUES ('cmrso8ac1000yp07dp0ywo9oo', 'cmrso8a7x000ap07d3av4kpqu') ON CONFLICT ("tripId", "passengerId") DO NOTHING;
INSERT INTO public."TripPassenger" ("tripId", "passengerId") VALUES ('cmrso8ac6000zp07dx6movet8', 'cmrso8a7x000ap07d3av4kpqu') ON CONFLICT ("tripId", "passengerId") DO NOTHING;
INSERT INTO public."TripPassenger" ("tripId", "passengerId") VALUES ('cmrso8acc0010p07d0fwenmk2', 'cmrso8a82000bp07djhlh3i5p') ON CONFLICT ("tripId", "passengerId") DO NOTHING;
INSERT INTO public."TripPassenger" ("tripId", "passengerId") VALUES ('cmrso8acc0010p07d0fwenmk2', 'cmrso8a6q0002p07d5j8m3e61') ON CONFLICT ("tripId", "passengerId") DO NOTHING;
INSERT INTO public."TripPassenger" ("tripId", "passengerId") VALUES ('cmrso8acc0010p07d0fwenmk2', 'cmrso8a6e0001p07d9ac5whop') ON CONFLICT ("tripId", "passengerId") DO NOTHING;
INSERT INTO public."TripPassenger" ("tripId", "passengerId") VALUES ('cmrso8acc0010p07d0fwenmk2', 'cmrso8a7a0005p07dpe3466tl') ON CONFLICT ("tripId", "passengerId") DO NOTHING;
INSERT INTO public."TripPassenger" ("tripId", "passengerId") VALUES ('cmrso8acc0010p07d0fwenmk2', 'cmrso8a740004p07dxyyrw4fd') ON CONFLICT ("tripId", "passengerId") DO NOTHING;
INSERT INTO public."TripPassenger" ("tripId", "passengerId") VALUES ('cmrso8acq0011p07dvn3jqicy', 'cmrso8act0012p07din07poqp') ON CONFLICT ("tripId", "passengerId") DO NOTHING;
INSERT INTO public."TripPassenger" ("tripId", "passengerId") VALUES ('cmrso8acq0011p07dvn3jqicy', 'cmrso8ad00013p07dvzr4k5fx') ON CONFLICT ("tripId", "passengerId") DO NOTHING;
INSERT INTO public."TripPassenger" ("tripId", "passengerId") VALUES ('cmrso8acq0011p07dvn3jqicy', 'cmrso8a82000bp07djhlh3i5p') ON CONFLICT ("tripId", "passengerId") DO NOTHING;
INSERT INTO public."TripPassenger" ("tripId", "passengerId") VALUES ('cmrso8acq0011p07dvn3jqicy', 'cmrso8a6q0002p07d5j8m3e61') ON CONFLICT ("tripId", "passengerId") DO NOTHING;
INSERT INTO public."TripPassenger" ("tripId", "passengerId") VALUES ('cmrso8acq0011p07dvn3jqicy', 'cmrso8a6e0001p07d9ac5whop') ON CONFLICT ("tripId", "passengerId") DO NOTHING;
INSERT INTO public."TripPassenger" ("tripId", "passengerId") VALUES ('cmrso8acq0011p07dvn3jqicy', 'cmrso8a7a0005p07dpe3466tl') ON CONFLICT ("tripId", "passengerId") DO NOTHING;
INSERT INTO public."TripPassenger" ("tripId", "passengerId") VALUES ('cmrso8acq0011p07dvn3jqicy', 'cmrso8a740004p07dxyyrw4fd') ON CONFLICT ("tripId", "passengerId") DO NOTHING;
INSERT INTO public."TripPassenger" ("tripId", "passengerId") VALUES ('cmrso8add0014p07ddm1f8xf6', 'cmrso8a7x000ap07d3av4kpqu') ON CONFLICT ("tripId", "passengerId") DO NOTHING;
INSERT INTO public."TripPassenger" ("tripId", "passengerId") VALUES ('cmrso8add0014p07ddm1f8xf6', 'cmrso8adi0015p07drvcfxakr') ON CONFLICT ("tripId", "passengerId") DO NOTHING;
INSERT INTO public."TripPassenger" ("tripId", "passengerId") VALUES ('cmrso8adm0016p07dkc3vktvl', 'cmrso8a7x000ap07d3av4kpqu') ON CONFLICT ("tripId", "passengerId") DO NOTHING;
INSERT INTO public."TripPassenger" ("tripId", "passengerId") VALUES ('cmrso8adm0016p07dkc3vktvl', 'cmrso8adr0017p07d6iqs9gl1') ON CONFLICT ("tripId", "passengerId") DO NOTHING;
INSERT INTO public."TripPassenger" ("tripId", "passengerId") VALUES ('cmrso8adw0018p07d0yus0cq9', 'cmrso8a7x000ap07d3av4kpqu') ON CONFLICT ("tripId", "passengerId") DO NOTHING;
INSERT INTO public."TripPassenger" ("tripId", "passengerId") VALUES ('cmrso8ae00019p07drjjohamx', 'cmrso8a7x000ap07d3av4kpqu') ON CONFLICT ("tripId", "passengerId") DO NOTHING;
INSERT INTO public."TripPassenger" ("tripId", "passengerId") VALUES ('cmrso8ae00019p07drjjohamx', 'cmrso8a82000bp07djhlh3i5p') ON CONFLICT ("tripId", "passengerId") DO NOTHING;
INSERT INTO public."TripPassenger" ("tripId", "passengerId") VALUES ('cmrso8ae00019p07drjjohamx', 'cmrso8ae6001ap07dl8dxmjcc') ON CONFLICT ("tripId", "passengerId") DO NOTHING;
INSERT INTO public."TripPassenger" ("tripId", "passengerId") VALUES ('cmrso8ae00019p07drjjohamx', 'cmrso8a8h000ep07dgbxjk6d9') ON CONFLICT ("tripId", "passengerId") DO NOTHING;
INSERT INTO public."TripPassenger" ("tripId", "passengerId") VALUES ('cmrso8aec001bp07dkxmotv2f', 'cmrso8a7x000ap07d3av4kpqu') ON CONFLICT ("tripId", "passengerId") DO NOTHING;
INSERT INTO public."TripPassenger" ("tripId", "passengerId") VALUES ('cmrso8aec001bp07dkxmotv2f', 'cmrso8a82000bp07djhlh3i5p') ON CONFLICT ("tripId", "passengerId") DO NOTHING;
INSERT INTO public."TripPassenger" ("tripId", "passengerId") VALUES ('cmrso8aec001bp07dkxmotv2f', 'cmrso8ae6001ap07dl8dxmjcc') ON CONFLICT ("tripId", "passengerId") DO NOTHING;
INSERT INTO public."TripPassenger" ("tripId", "passengerId") VALUES ('cmrso8aec001bp07dkxmotv2f', 'cmrso8a8h000ep07dgbxjk6d9') ON CONFLICT ("tripId", "passengerId") DO NOTHING;
INSERT INTO public."TripPassenger" ("tripId", "passengerId") VALUES ('cmrso8aek001cp07drzz8sjwo', 'cmrso8a7x000ap07d3av4kpqu') ON CONFLICT ("tripId", "passengerId") DO NOTHING;
INSERT INTO public."TripPassenger" ("tripId", "passengerId") VALUES ('cmrso8aek001cp07drzz8sjwo', 'cmrso8a82000bp07djhlh3i5p') ON CONFLICT ("tripId", "passengerId") DO NOTHING;
INSERT INTO public."TripPassenger" ("tripId", "passengerId") VALUES ('cmrso8aek001cp07drzz8sjwo', 'cmrso8ae6001ap07dl8dxmjcc') ON CONFLICT ("tripId", "passengerId") DO NOTHING;
INSERT INTO public."TripPassenger" ("tripId", "passengerId") VALUES ('cmrso8aek001cp07drzz8sjwo', 'cmrso8a8h000ep07dgbxjk6d9') ON CONFLICT ("tripId", "passengerId") DO NOTHING;
INSERT INTO public."TripPassenger" ("tripId", "passengerId") VALUES ('cmrso8aek001cp07drzz8sjwo', 'cmrso8aev001dp07ditz5kh26') ON CONFLICT ("tripId", "passengerId") DO NOTHING;
INSERT INTO public."TripPassenger" ("tripId", "passengerId") VALUES ('cmrso8af0001ep07d9duvg4cj', 'cmrso8a7x000ap07d3av4kpqu') ON CONFLICT ("tripId", "passengerId") DO NOTHING;
INSERT INTO public."TripPassenger" ("tripId", "passengerId") VALUES ('cmrso8af0001ep07d9duvg4cj', 'cmrso8a82000bp07djhlh3i5p') ON CONFLICT ("tripId", "passengerId") DO NOTHING;
INSERT INTO public."TripPassenger" ("tripId", "passengerId") VALUES ('cmrso8af0001ep07d9duvg4cj', 'cmrso8ae6001ap07dl8dxmjcc') ON CONFLICT ("tripId", "passengerId") DO NOTHING;
INSERT INTO public."TripPassenger" ("tripId", "passengerId") VALUES ('cmrso8af0001ep07d9duvg4cj', 'cmrso8a8h000ep07dgbxjk6d9') ON CONFLICT ("tripId", "passengerId") DO NOTHING;
INSERT INTO public."TripPassenger" ("tripId", "passengerId") VALUES ('cmrso8af0001ep07d9duvg4cj', 'cmrso8aev001dp07ditz5kh26') ON CONFLICT ("tripId", "passengerId") DO NOTHING;
INSERT INTO public."TripPassenger" ("tripId", "passengerId") VALUES ('cmrso8af0001ep07d9duvg4cj', 'cmrso8a7r0009p07dsgkwzs8h') ON CONFLICT ("tripId", "passengerId") DO NOTHING;
INSERT INTO public."TripPassenger" ("tripId", "passengerId") VALUES ('cmrso8af0001ep07d9duvg4cj', 'cmrso8a9n000lp07d7bmql6yt') ON CONFLICT ("tripId", "passengerId") DO NOTHING;
INSERT INTO public."TripPassenger" ("tripId", "passengerId") VALUES ('cmrso8af0001ep07d9duvg4cj', 'cmrso8a9s000mp07d8fq5iftr') ON CONFLICT ("tripId", "passengerId") DO NOTHING;
INSERT INTO public."TripPassenger" ("tripId", "passengerId") VALUES ('cmrso8af0001ep07d9duvg4cj', 'cmrso8afi001fp07d7vpvnsbv') ON CONFLICT ("tripId", "passengerId") DO NOTHING;
INSERT INTO public."TripPassenger" ("tripId", "passengerId") VALUES ('cmrso8afn001gp07ddfo5099v', 'cmrso8a7x000ap07d3av4kpqu') ON CONFLICT ("tripId", "passengerId") DO NOTHING;
INSERT INTO public."TripPassenger" ("tripId", "passengerId") VALUES ('cmrso8afn001gp07ddfo5099v', 'cmrso8ae6001ap07dl8dxmjcc') ON CONFLICT ("tripId", "passengerId") DO NOTHING;
INSERT INTO public."TripPassenger" ("tripId", "passengerId") VALUES ('cmrso8afn001gp07ddfo5099v', 'cmrso8afu001hp07dq0cvh7mw') ON CONFLICT ("tripId", "passengerId") DO NOTHING;
INSERT INTO public."TripPassenger" ("tripId", "passengerId") VALUES ('cmrso8afn001gp07ddfo5099v', 'cmrso8afz001ip07ddc5slbww') ON CONFLICT ("tripId", "passengerId") DO NOTHING;
INSERT INTO public."TripPassenger" ("tripId", "passengerId") VALUES ('cmrso8afn001gp07ddfo5099v', 'cmrso8ag4001jp07dmhzurzjb') ON CONFLICT ("tripId", "passengerId") DO NOTHING;
INSERT INTO public."TripPassenger" ("tripId", "passengerId") VALUES ('cmrso8afn001gp07ddfo5099v', 'cmrso8a7r0009p07dsgkwzs8h') ON CONFLICT ("tripId", "passengerId") DO NOTHING;
INSERT INTO public."TripPassenger" ("tripId", "passengerId") VALUES ('cmrso8afn001gp07ddfo5099v', 'cmrso8a9n000lp07d7bmql6yt') ON CONFLICT ("tripId", "passengerId") DO NOTHING;
INSERT INTO public."TripPassenger" ("tripId", "passengerId") VALUES ('cmrso8afn001gp07ddfo5099v', 'cmrso8a8c000dp07dgerp51oh') ON CONFLICT ("tripId", "passengerId") DO NOTHING;
INSERT INTO public."TripPassenger" ("tripId", "passengerId") VALUES ('cmrso8agd001kp07d55owsvxl', 'cmrso8afu001hp07dq0cvh7mw') ON CONFLICT ("tripId", "passengerId") DO NOTHING;
INSERT INTO public."TripPassenger" ("tripId", "passengerId") VALUES ('cmrso8agd001kp07d55owsvxl', 'cmrso8afz001ip07ddc5slbww') ON CONFLICT ("tripId", "passengerId") DO NOTHING;
INSERT INTO public."TripPassenger" ("tripId", "passengerId") VALUES ('cmrso8agd001kp07d55owsvxl', 'cmrso8ag4001jp07dmhzurzjb') ON CONFLICT ("tripId", "passengerId") DO NOTHING;
INSERT INTO public."TripPassenger" ("tripId", "passengerId") VALUES ('cmrso8agd001kp07d55owsvxl', 'cmrso8a7r0009p07dsgkwzs8h') ON CONFLICT ("tripId", "passengerId") DO NOTHING;
INSERT INTO public."TripPassenger" ("tripId", "passengerId") VALUES ('cmrso8agd001kp07d55owsvxl', 'cmrso8a9n000lp07d7bmql6yt') ON CONFLICT ("tripId", "passengerId") DO NOTHING;
INSERT INTO public."TripPassenger" ("tripId", "passengerId") VALUES ('cmrso8agd001kp07d55owsvxl', 'cmrso8a8c000dp07dgerp51oh') ON CONFLICT ("tripId", "passengerId") DO NOTHING;
INSERT INTO public."TripPassenger" ("tripId", "passengerId") VALUES ('cmrso8agu001lp07dd06g5vvt', 'cmrso8a7x000ap07d3av4kpqu') ON CONFLICT ("tripId", "passengerId") DO NOTHING;
INSERT INTO public."TripPassenger" ("tripId", "passengerId") VALUES ('cmrso8agu001lp07dd06g5vvt', 'cmrso8ae6001ap07dl8dxmjcc') ON CONFLICT ("tripId", "passengerId") DO NOTHING;
INSERT INTO public."TripPassenger" ("tripId", "passengerId") VALUES ('cmrso8agu001lp07dd06g5vvt', 'cmrso8afu001hp07dq0cvh7mw') ON CONFLICT ("tripId", "passengerId") DO NOTHING;
INSERT INTO public."TripPassenger" ("tripId", "passengerId") VALUES ('cmrso8agu001lp07dd06g5vvt', 'cmrso8ag4001jp07dmhzurzjb') ON CONFLICT ("tripId", "passengerId") DO NOTHING;
INSERT INTO public."TripPassenger" ("tripId", "passengerId") VALUES ('cmrso8agu001lp07dd06g5vvt', 'cmrso8a7r0009p07dsgkwzs8h') ON CONFLICT ("tripId", "passengerId") DO NOTHING;
INSERT INTO public."TripPassenger" ("tripId", "passengerId") VALUES ('cmrso8agu001lp07dd06g5vvt', 'cmrso8a9n000lp07d7bmql6yt') ON CONFLICT ("tripId", "passengerId") DO NOTHING;
INSERT INTO public."TripPassenger" ("tripId", "passengerId") VALUES ('cmrso8agu001lp07dd06g5vvt', 'cmrso8a8c000dp07dgerp51oh') ON CONFLICT ("tripId", "passengerId") DO NOTHING;
INSERT INTO public."TripPassenger" ("tripId", "passengerId") VALUES ('cmrso8agu001lp07dd06g5vvt', 'cmrso8aha001mp07dpfmtupd2') ON CONFLICT ("tripId", "passengerId") DO NOTHING;
INSERT INTO public."TripPassenger" ("tripId", "passengerId") VALUES ('cmrso8ahe001np07db2m22wfv', 'cmrso8a7x000ap07d3av4kpqu') ON CONFLICT ("tripId", "passengerId") DO NOTHING;
INSERT INTO public."TripPassenger" ("tripId", "passengerId") VALUES ('cmrso8ahe001np07db2m22wfv', 'cmrso8ahj001op07d84r16d70') ON CONFLICT ("tripId", "passengerId") DO NOTHING;
INSERT INTO public."TripPassenger" ("tripId", "passengerId") VALUES ('cmrso8ahe001np07db2m22wfv', 'cmrso8ahp001pp07dzs00268n') ON CONFLICT ("tripId", "passengerId") DO NOTHING;
INSERT INTO public."TripPassenger" ("tripId", "passengerId") VALUES ('cmrso8ahe001np07db2m22wfv', 'cmrso8a8c000dp07dgerp51oh') ON CONFLICT ("tripId", "passengerId") DO NOTHING;
INSERT INTO public."TripPassenger" ("tripId", "passengerId") VALUES ('cmrso8ahv001qp07dyd3yitan', 'cmrso8a7x000ap07d3av4kpqu') ON CONFLICT ("tripId", "passengerId") DO NOTHING;
INSERT INTO public."TripPassenger" ("tripId", "passengerId") VALUES ('cmrso8ahv001qp07dyd3yitan', 'cmrso8ahj001op07d84r16d70') ON CONFLICT ("tripId", "passengerId") DO NOTHING;
INSERT INTO public."TripPassenger" ("tripId", "passengerId") VALUES ('cmrso8ahv001qp07dyd3yitan', 'cmrso8ahp001pp07dzs00268n') ON CONFLICT ("tripId", "passengerId") DO NOTHING;
INSERT INTO public."TripPassenger" ("tripId", "passengerId") VALUES ('cmrso8ahv001qp07dyd3yitan', 'cmrso8a8c000dp07dgerp51oh') ON CONFLICT ("tripId", "passengerId") DO NOTHING;
INSERT INTO public."TripPassenger" ("tripId", "passengerId") VALUES ('cmrso8ai5001rp07drltd0zah', 'cmrso8afz001ip07ddc5slbww') ON CONFLICT ("tripId", "passengerId") DO NOTHING;
INSERT INTO public."TripPassenger" ("tripId", "passengerId") VALUES ('cmrso8ai5001rp07drltd0zah', 'cmrso8aic001sp07dpzsx3a2c') ON CONFLICT ("tripId", "passengerId") DO NOTHING;
INSERT INTO public."TripPassenger" ("tripId", "passengerId") VALUES ('cmrso8ai5001rp07drltd0zah', 'cmrso8aih001tp07d93qc2dbt') ON CONFLICT ("tripId", "passengerId") DO NOTHING;
INSERT INTO public."TripPassenger" ("tripId", "passengerId") VALUES ('cmrso8ai5001rp07drltd0zah', 'cmrso8ain001up07de4jrbch2') ON CONFLICT ("tripId", "passengerId") DO NOTHING;
INSERT INTO public."TripPassenger" ("tripId", "passengerId") VALUES ('cmrso8ais001vp07d32r5lfyy', 'cmrso8afz001ip07ddc5slbww') ON CONFLICT ("tripId", "passengerId") DO NOTHING;
INSERT INTO public."TripPassenger" ("tripId", "passengerId") VALUES ('cmrso8ais001vp07d32r5lfyy', 'cmrso8aic001sp07dpzsx3a2c') ON CONFLICT ("tripId", "passengerId") DO NOTHING;
INSERT INTO public."TripPassenger" ("tripId", "passengerId") VALUES ('cmrso8ais001vp07d32r5lfyy', 'cmrso8aih001tp07d93qc2dbt') ON CONFLICT ("tripId", "passengerId") DO NOTHING;
INSERT INTO public."TripPassenger" ("tripId", "passengerId") VALUES ('cmrso8ais001vp07d32r5lfyy', 'cmrso8ain001up07de4jrbch2') ON CONFLICT ("tripId", "passengerId") DO NOTHING;


--
-- PostgreSQL database dump complete
--


